Age,Experience,Education,JobLevel,Department,JobRole,PerformanceRating,ProjectsCompleted,Certifications,WeeklyHours,OvertimeHours,TeamSize,LeadershipScore,SkillMatchScore,YearsInRole,Promotions,EmploymentType,LocationType,CompanySize,JobSatisfaction,Salary_INR
50,30,BCA,Junior,Sales,Manager,4,27,6,35,3,10,4.4,55.7,1,3,Contract,Hybrid,Startup,1,1957865.05
36,13,PhD,Senior,Sales,Manager,5,29,4,51,12,9,3.8,95.9,7,0,Full-Time,Hybrid,Startup,3,1234939.57
29,6,PhD,Junior,Finance,Developer,3,6,7,42,10,5,3.6,88.9,4,3,Contract,Office,Startup,3,729277.86
42,20,BTech,Mid,HR,Analyst,5,9,7,53,9,11,1.8,91.1,6,0,Full-Time,Hybrid,Startup,2,1509817.98
40,19,BTech,Mid,Sales,Manager,2,26,3,55,12,12,3.8,95.1,7,1,Full-Time,Hybrid,Startup,4,1400207.3
44,21,BCA,Junior,Sales,Analyst,4,28,1,35,2,6,1.4,76.2,2,3,Full-Time,Office,Startup,3,1517299.77
32,10,MTech,Mid,IT,Analyst,4,24,2,39,2,3,8.0,72.6,1,1,Contract,Remote,Startup,3,1111843.34
32,10,PhD,Junior,IT,Developer,2,31,6,50,2,14,4.6,66.5,3,3,Full-Time,Office,MNC,4,923322.31
45,24,PhD,Senior,HR,Manager,2,24,7,40,5,10,5.0,79.5,2,3,Full-Time,Remote,MNC,5,1735218.01
45,25,BCA,Senior,Sales,Developer,3,21,3,42,13,13,9.0,72.7,1,2,Full-Time,Remote,Startup,3,1751858.21
24,1,BTech,Mid,Sales,Developer,4,19,5,47,7,13,6.9,72.6,5,0,Full-Time,Hybrid,Startup,1,598547.58
43,22,MTech,Junior,IT,Manager,4,19,0,50,10,7,1.1,96.8,3,1,Contract,Office,Startup,2,1620889.11
23,0,BTech,Junior,Sales,Manager,3,3,0,37,6,4,9.5,99.2,5,1,Contract,Hybrid,Startup,3,635739.71
45,23,BTech,Mid,Finance,Analyst,1,5,2,53,13,13,3.1,89.8,6,1,Contract,Hybrid,MNC,3,1633248.96
51,29,BTech,Senior,IT,Manager,3,31,1,46,3,8,2.0,87.8,1,0,Contract,Remote,MNC,5,1937974.32
23,3,BTech,Mid,HR,Analyst,5,34,3,50,10,10,7.9,84.0,5,2,Full-Time,Hybrid,Startup,1,718389.15
42,20,PhD,Senior,IT,Analyst,4,37,6,45,11,4,5.5,58.3,6,1,Contract,Office,MNC,2,1623635.46
54,32,PhD,Junior,Sales,Analyst,2,19,1,44,3,3,4.9,53.0,1,0,Full-Time,Hybrid,MNC,3,2113348.04
33,12,BTech,Senior,HR,Manager,5,38,0,59,10,8,3.2,84.5,1,3,Contract,Hybrid,Startup,2,1074883.7
43,20,MTech,Mid,IT,Developer,4,20,1,54,9,8,5.9,86.4,5,1,Contract,Remote,Startup,4,1486633.46
46,23,BCA,Junior,Finance,Analyst,3,29,0,38,14,5,3.5,52.3,1,1,Contract,Office,Startup,3,1553473.68
48,27,MTech,Mid,Finance,Developer,5,21,1,46,10,12,9.1,96.4,2,2,Full-Time,Hybrid,Startup,3,1982825.18
49,29,MTech,Mid,IT,Developer,4,34,2,57,10,10,2.9,54.6,1,1,Contract,Remote,MNC,4,1930846.32
37,14,MTech,Senior,Finance,Manager,1,13,4,36,13,9,9.0,64.3,4,1,Contract,Hybrid,Startup,5,1277538.08
36,14,BTech,Mid,Finance,Developer,1,16,2,58,10,14,6.0,83.6,6,3,Contract,Office,MNC,3,1079803.62
24,1,PhD,Senior,Finance,Developer,2,3,2,56,1,14,8.5,58.5,1,0,Full-Time,Hybrid,Startup,2,544476.34
28,6,MTech,Junior,HR,Manager,4,30,4,53,13,2,7.4,52.8,4,0,Contract,Hybrid,MNC,1,892028.59
42,22,BTech,Senior,Finance,Analyst,1,11,4,59,0,2,7.3,66.6,1,2,Contract,Remote,Startup,2,1498123.18
30,9,MTech,Junior,Finance,Developer,3,3,7,39,8,6,3.9,88.3,1,3,Full-Time,Hybrid,Startup,5,868126.89
39,16,MTech,Senior,Finance,Manager,4,12,7,42,11,7,3.1,70.7,5,0,Full-Time,Remote,MNC,1,1366257.35
25,4,BTech,Mid,HR,Developer,3,14,3,41,14,4,2.9,82.6,2,3,Contract,Office,MNC,2,570836.96
46,23,PhD,Senior,IT,Developer,3,11,6,48,11,14,8.7,79.0,6,0,Contract,Hybrid,MNC,2,1757210.42
35,13,PhD,Senior,Sales,Analyst,1,15,6,58,1,10,8.4,51.1,2,3,Contract,Office,Startup,4,1186645.96
30,9,BCA,Junior,Finance,Developer,4,19,3,57,12,13,5.0,99.4,3,2,Full-Time,Office,MNC,5,938370.51
47,24,BTech,Mid,IT,Manager,5,10,2,37,7,11,2.2,52.1,5,1,Full-Time,Hybrid,MNC,4,1693045.08
23,1,BCA,Senior,Finance,Developer,1,29,2,52,14,7,4.4,98.4,5,2,Full-Time,Remote,MNC,1,496273.1
41,20,BCA,Mid,HR,Analyst,1,4,0,50,8,5,6.6,77.5,2,0,Contract,Office,MNC,4,1425490.39
49,28,BCA,Senior,IT,Analyst,4,21,0,57,3,13,5.1,98.2,7,2,Full-Time,Office,MNC,5,1872480.08
28,5,PhD,Senior,HR,Manager,4,7,6,53,7,8,8.0,55.7,5,1,Contract,Hybrid,MNC,3,859045.26
29,6,BTech,Mid,Finance,Analyst,3,28,3,53,8,9,10.0,74.5,2,2,Full-Time,Hybrid,MNC,3,789790.66
35,12,BCA,Senior,Finance,Developer,4,3,5,52,9,10,2.7,58.5,5,0,Full-Time,Hybrid,MNC,1,996000.98
38,16,BTech,Mid,HR,Analyst,3,30,7,54,9,14,5.1,52.5,1,0,Full-Time,Hybrid,MNC,3,1264373.55
25,2,BTech,Senior,Sales,Manager,1,39,5,50,4,12,4.9,80.9,2,2,Contract,Hybrid,Startup,4,592027.84
23,2,PhD,Junior,HR,Analyst,2,4,3,42,12,7,3.7,60.4,2,1,Contract,Hybrid,Startup,1,491937.04
27,6,BCA,Mid,Finance,Analyst,5,17,0,35,13,7,2.8,79.4,4,2,Contract,Remote,MNC,5,773095.58
25,2,BCA,Senior,HR,Analyst,1,31,6,51,6,9,1.6,55.6,5,1,Contract,Office,Startup,1,392461.62
50,27,BTech,Senior,Sales,Manager,4,3,6,46,9,13,9.0,66.6,5,3,Full-Time,Remote,Startup,1,2017299.35
39,19,MTech,Junior,HR,Analyst,5,18,0,55,3,6,4.8,89.1,2,1,Contract,Remote,MNC,2,1479803.29
47,26,PhD,Mid,Sales,Analyst,2,13,5,45,0,4,5.5,71.9,1,3,Full-Time,Hybrid,MNC,2,1772341.84
31,9,PhD,Senior,Sales,Developer,2,36,1,39,2,13,9.3,81.4,1,2,Contract,Office,MNC,1,1005530.02
35,15,PhD,Junior,HR,Manager,3,2,1,46,4,4,8.0,82.4,6,1,Contract,Remote,MNC,3,1338125.1
52,29,PhD,Senior,HR,Analyst,5,16,0,51,2,14,2.2,92.2,1,3,Full-Time,Hybrid,MNC,2,1899649.09
36,13,BCA,Mid,IT,Manager,3,27,1,40,11,7,6.1,66.2,5,3,Full-Time,Hybrid,MNC,5,1242186.18
29,8,BCA,Senior,Finance,Analyst,1,38,4,35,12,3,5.0,84.4,7,3,Contract,Office,Startup,4,831275.25
35,12,MTech,Senior,Sales,Analyst,5,22,3,39,10,7,8.2,98.1,4,0,Contract,Remote,MNC,2,1182371.22
44,22,PhD,Senior,IT,Analyst,1,32,3,59,6,14,7.5,86.5,2,2,Full-Time,Remote,Startup,1,1574653.81
42,21,PhD,Senior,HR,Developer,3,26,0,48,11,7,7.2,74.5,3,3,Full-Time,Remote,MNC,3,1567801.4
37,14,BTech,Junior,Finance,Developer,5,24,2,39,8,9,4.1,81.5,4,1,Full-Time,Hybrid,MNC,4,1199969.38
39,18,BCA,Junior,IT,Developer,3,25,7,56,14,8,8.2,87.0,7,3,Full-Time,Office,Startup,2,1456844.25
45,22,PhD,Mid,Sales,Manager,5,39,5,58,11,9,1.5,80.6,3,0,Full-Time,Office,MNC,3,1567565.59
47,24,MTech,Junior,IT,Manager,3,29,0,35,5,10,2.4,50.8,4,2,Contract,Remote,MNC,3,1638488.36
46,23,MTech,Junior,Sales,Developer,2,22,1,52,12,7,4.0,59.7,1,0,Contract,Hybrid,Startup,3,1602370.55
50,28,BCA,Mid,HR,Manager,3,19,5,50,9,4,1.7,90.5,5,0,Contract,Remote,MNC,1,1853190.43
36,14,MTech,Junior,Finance,Analyst,2,37,2,43,0,11,3.1,63.6,7,0,Contract,Office,Startup,5,1150855.72
22,1,MTech,Junior,Finance,Analyst,3,36,1,53,6,4,8.5,86.6,3,1,Full-Time,Hybrid,MNC,3,611355.16
46,23,BCA,Mid,Finance,Analyst,5,10,6,56,14,12,9.5,68.6,7,2,Full-Time,Remote,MNC,4,1742894.88
28,5,PhD,Mid,HR,Developer,5,39,7,39,2,13,3.7,76.1,4,2,Full-Time,Remote,Startup,2,772003.85
30,8,PhD,Mid,Sales,Manager,5,31,4,36,4,2,3.4,53.4,5,1,Contract,Hybrid,MNC,4,990887.64
45,22,MTech,Senior,HR,Developer,4,35,1,49,9,12,3.5,59.1,7,2,Full-Time,Office,Startup,1,1587879.18
22,0,MTech,Senior,Finance,Manager,1,33,4,41,3,14,3.5,97.9,3,0,Full-Time,Hybrid,Startup,1,471623.4
29,6,PhD,Mid,HR,Analyst,5,4,5,38,9,6,1.3,94.5,2,2,Contract,Remote,Startup,4,744129.17
45,24,BCA,Mid,HR,Developer,2,4,4,35,4,5,9.3,82.6,4,1,Contract,Remote,MNC,5,1775721.6
32,9,MTech,Mid,HR,Manager,5,29,5,47,4,10,2.9,73.0,2,0,Contract,Remote,MNC,1,959772.38
38,15,BTech,Senior,Sales,Manager,4,16,5,54,5,10,4.8,83.8,1,1,Full-Time,Remote,Startup,1,1309541.72
29,9,BCA,Senior,IT,Analyst,2,24,5,56,13,6,1.1,80.9,2,3,Full-Time,Office,MNC,4,924780.25
54,32,MTech,Junior,IT,Developer,4,12,5,41,9,11,8.7,78.4,2,0,Contract,Office,MNC,1,2195555.24
26,3,MTech,Junior,HR,Developer,2,33,5,49,11,5,7.6,53.0,6,0,Contract,Remote,MNC,5,635171.55
49,26,BTech,Mid,IT,Developer,3,37,1,57,9,8,9.5,81.6,4,2,Full-Time,Office,Startup,5,1848068.31
28,8,BTech,Senior,IT,Analyst,1,34,5,48,12,7,8.0,88.4,1,0,Contract,Office,MNC,5,882146.33
30,10,PhD,Senior,HR,Developer,1,25,1,57,12,5,3.8,99.7,2,1,Full-Time,Office,Startup,2,935049.83
29,7,BCA,Senior,HR,Analyst,4,35,5,53,10,14,3.2,50.6,5,2,Contract,Remote,MNC,5,819831.1
33,13,BCA,Mid,Finance,Analyst,1,29,4,56,5,14,7.3,86.5,3,3,Contract,Hybrid,MNC,5,1095058.89
54,33,PhD,Junior,IT,Analyst,4,38,6,58,7,11,4.3,78.6,2,1,Contract,Hybrid,Startup,2,2109988.12
44,24,BCA,Mid,Sales,Manager,4,8,5,54,7,3,6.1,71.7,1,3,Full-Time,Hybrid,MNC,3,1778081.97
45,24,BCA,Junior,HR,Developer,4,5,2,58,10,2,1.1,56.4,2,3,Full-Time,Remote,Startup,1,1623695.8
43,21,BCA,Junior,Finance,Developer,1,38,5,52,8,5,1.6,70.5,3,3,Contract,Office,MNC,5,1425199.05
48,26,BCA,Mid,Sales,Analyst,4,2,5,44,7,5,5.8,67.7,1,0,Full-Time,Office,Startup,1,1852699.6
22,0,BCA,Junior,IT,Analyst,1,2,4,43,12,14,6.1,65.1,4,1,Contract,Remote,MNC,4,556094.39
35,13,BTech,Junior,Finance,Developer,4,21,7,59,10,2,7.8,86.5,1,1,Contract,Remote,MNC,1,1147518.66
24,2,BCA,Senior,HR,Analyst,5,20,3,42,1,7,2.2,85.0,4,0,Full-Time,Hybrid,MNC,2,596474.49
22,1,BTech,Junior,Sales,Developer,4,30,4,44,13,5,5.6,79.5,1,2,Full-Time,Hybrid,Startup,1,565932.31
26,5,BCA,Mid,HR,Manager,2,11,2,51,13,2,2.8,96.9,7,3,Full-Time,Remote,Startup,1,632216.95
47,25,PhD,Mid,IT,Analyst,4,19,3,36,11,2,1.8,67.5,3,1,Full-Time,Hybrid,Startup,1,1735981.23
35,15,MTech,Junior,Sales,Developer,3,29,0,40,9,14,4.7,62.2,3,0,Contract,Office,MNC,3,1235846.93
48,25,BTech,Senior,IT,Analyst,4,36,0,39,11,2,2.5,82.8,1,3,Full-Time,Remote,Startup,3,1731992.25
30,8,BCA,Senior,IT,Developer,2,32,7,43,10,9,3.0,59.9,7,2,Full-Time,Remote,Startup,4,742023.24
36,16,PhD,Junior,Finance,Developer,2,28,2,39,14,11,3.9,65.8,2,2,Contract,Office,Startup,2,1219183.32
36,13,MTech,Junior,HR,Analyst,1,12,4,52,0,9,3.3,61.2,3,3,Contract,Office,Startup,1,997832.12
47,25,BTech,Mid,Sales,Manager,5,39,1,54,9,3,1.8,53.5,4,2,Contract,Office,Startup,1,1847524.04
34,12,MTech,Junior,IT,Developer,4,6,2,43,1,12,1.8,91.4,4,1,Contract,Hybrid,Startup,1,1081782.01
53,32,PhD,Senior,IT,Developer,1,9,6,51,1,14,2.7,62.7,5,1,Full-Time,Remote,Startup,1,1951761.29
53,30,BTech,Junior,Sales,Developer,5,35,3,51,11,8,1.5,73.7,6,1,Full-Time,Hybrid,Startup,3,1893534.44
25,2,MTech,Mid,IT,Manager,4,13,3,46,2,9,6.6,52.2,7,2,Contract,Office,Startup,4,689762.2
51,31,BCA,Mid,Finance,Manager,3,39,5,41,9,9,3.6,85.0,6,1,Contract,Hybrid,Startup,5,2090696.88
44,23,BTech,Mid,Finance,Analyst,4,2,0,37,6,12,3.5,66.5,6,0,Full-Time,Office,MNC,2,1550597.86
36,15,MTech,Mid,Finance,Manager,2,32,7,44,1,11,4.0,87.2,4,1,Full-Time,Hybrid,MNC,1,1192729.01
50,29,PhD,Mid,Finance,Analyst,2,5,3,36,13,12,7.0,70.6,5,1,Full-Time,Hybrid,Startup,4,1895776.61
34,13,PhD,Junior,IT,Analyst,3,6,2,59,0,14,8.8,59.8,6,2,Full-Time,Office,MNC,5,1235677.85
53,30,BTech,Junior,Sales,Manager,1,31,3,37,13,8,7.8,75.7,6,1,Full-Time,Hybrid,MNC,4,2016206.84
28,5,MTech,Junior,Sales,Analyst,5,25,7,50,5,6,7.5,56.5,1,3,Contract,Remote,Startup,3,811882.54
43,21,BTech,Junior,Sales,Manager,4,4,7,36,8,2,5.4,72.0,1,0,Contract,Hybrid,Startup,5,1614986.19
49,27,BTech,Mid,Sales,Analyst,2,12,7,58,14,13,7.2,65.9,1,2,Contract,Hybrid,Startup,4,1808868.77
23,2,MTech,Senior,HR,Manager,1,5,2,44,2,10,6.0,95.6,2,0,Contract,Remote,MNC,3,537252.53
27,6,MTech,Junior,Sales,Manager,3,27,1,40,5,14,2.9,53.0,6,3,Full-Time,Office,Startup,4,837787.41
49,28,BCA,Senior,HR,Analyst,2,28,5,56,2,8,2.9,84.7,2,2,Contract,Remote,MNC,4,1866499.43
49,27,MTech,Junior,HR,Developer,3,28,0,45,13,3,3.7,59.1,5,2,Full-Time,Hybrid,Startup,5,1806183.3
41,21,PhD,Junior,Finance,Analyst,4,7,3,57,12,7,9.2,66.0,7,1,Full-Time,Office,MNC,3,1644086.22
51,31,BTech,Senior,HR,Manager,5,16,2,41,0,3,5.9,70.8,4,0,Full-Time,Hybrid,MNC,1,2193440.56
32,10,BTech,Mid,IT,Developer,2,31,4,49,13,2,7.6,95.4,6,3,Full-Time,Hybrid,Startup,2,1008266.14
49,27,PhD,Junior,HR,Analyst,2,38,0,40,12,8,4.1,62.1,4,3,Full-Time,Remote,Startup,5,1765236.88
46,24,MTech,Junior,Finance,Analyst,4,38,1,54,11,14,4.7,54.6,7,2,Full-Time,Remote,MNC,3,1695573.57
54,32,PhD,Junior,HR,Analyst,1,38,2,43,4,3,2.1,65.9,1,1,Full-Time,Office,MNC,4,2022726.75
22,0,PhD,Senior,IT,Developer,5,36,6,56,9,14,2.5,55.2,6,2,Contract,Office,Startup,3,477132.87
48,26,BCA,Mid,IT,Manager,2,24,6,54,13,3,8.4,56.4,3,2,Full-Time,Office,Startup,2,1841224.7
34,13,PhD,Senior,IT,Analyst,5,7,5,46,12,14,6.3,78.7,2,2,Contract,Hybrid,MNC,2,1206880.08
24,3,BTech,Senior,Finance,Analyst,2,5,5,53,10,12,4.0,53.0,2,2,Contract,Remote,Startup,1,606248.93
27,6,PhD,Mid,Finance,Analyst,5,19,1,54,3,6,8.2,51.5,6,3,Full-Time,Remote,MNC,1,910450.14
29,8,BTech,Senior,Sales,Analyst,3,10,1,37,6,6,3.2,85.7,7,3,Full-Time,Remote,Startup,2,861112.96
48,26,BTech,Mid,Finance,Analyst,2,30,5,49,5,8,9.8,68.1,1,2,Contract,Office,Startup,5,1812932.89
30,10,BTech,Junior,IT,Manager,5,14,3,36,9,2,4.1,56.3,2,2,Contract,Remote,Startup,5,1087804.14
54,31,MTech,Mid,IT,Manager,1,18,3,55,6,9,4.0,62.7,1,1,Contract,Remote,MNC,4,2006138.64
45,23,BCA,Junior,Finance,Analyst,3,33,2,36,4,4,3.8,82.1,5,2,Contract,Remote,Startup,1,1572528.35
36,13,BTech,Senior,HR,Developer,3,23,4,56,14,5,2.1,63.8,4,3,Full-Time,Office,MNC,4,1097486.07
53,33,BTech,Senior,Finance,Manager,1,5,2,37,14,10,2.0,74.7,7,0,Full-Time,Remote,Startup,1,2046854.45
53,32,MTech,Junior,Finance,Developer,5,6,4,40,3,5,6.8,56.1,3,3,Full-Time,Office,MNC,2,2098028.11
45,25,BTech,Senior,IT,Manager,4,38,1,49,6,11,8.9,79.4,4,1,Contract,Remote,MNC,5,1837975.9
33,11,PhD,Mid,Sales,Analyst,1,14,0,44,6,13,8.1,65.8,4,3,Full-Time,Remote,Startup,5,1029734.52
23,2,PhD,Junior,IT,Manager,5,35,2,43,5,6,2.3,81.3,5,0,Contract,Remote,MNC,2,644132.09
24,2,BCA,Senior,Sales,Analyst,1,23,2,35,7,8,5.9,90.4,2,2,Full-Time,Office,MNC,4,508437.2
38,17,BTech,Junior,IT,Manager,1,24,4,50,3,5,2.0,80.6,3,0,Contract,Office,MNC,4,1255373.5
23,0,MTech,Mid,Finance,Analyst,2,4,7,40,9,2,1.4,64.8,2,2,Full-Time,Remote,MNC,3,329335.71
23,0,PhD,Mid,IT,Analyst,5,35,1,43,4,10,6.9,62.8,6,2,Full-Time,Hybrid,Startup,1,602281.32
49,26,MTech,Senior,IT,Analyst,4,33,1,38,3,5,5.8,66.4,4,3,Contract,Office,Startup,4,1884693.24
44,24,MTech,Mid,IT,Analyst,2,22,6,36,11,10,1.7,58.2,6,3,Contract,Office,Startup,2,1648371.3
53,31,PhD,Junior,Finance,Developer,1,22,7,38,0,7,1.3,59.1,1,3,Contract,Remote,MNC,4,1939599.18
54,34,MTech,Mid,Finance,Analyst,1,12,4,35,11,2,9.9,89.5,4,1,Contract,Hybrid,MNC,5,2257500.4
22,0,PhD,Junior,Finance,Developer,1,5,1,53,7,13,1.3,69.2,2,3,Contract,Remote,Startup,1,268124.82
40,18,MTech,Junior,Finance,Developer,5,2,7,59,0,4,5.0,71.8,4,1,Full-Time,Office,Startup,3,1432086.93
23,0,PhD,Mid,Sales,Analyst,5,29,5,44,4,12,5.5,79.7,1,3,Contract,Office,MNC,1,515156.3
47,27,BTech,Senior,Sales,Developer,2,25,7,55,14,3,2.1,79.5,5,2,Full-Time,Remote,Startup,5,1777218.65
53,33,BCA,Mid,HR,Manager,4,36,3,49,5,10,2.5,53.4,6,1,Full-Time,Remote,Startup,5,2048496.08
27,7,PhD,Junior,Finance,Analyst,2,14,6,56,5,13,4.2,91.6,6,0,Full-Time,Hybrid,MNC,5,791718.71
53,30,PhD,Junior,Sales,Developer,3,35,5,53,12,2,7.9,58.9,2,1,Full-Time,Hybrid,Startup,5,2024422.25
25,3,BCA,Mid,IT,Analyst,1,12,0,50,4,14,5.6,86.2,4,1,Full-Time,Office,MNC,2,631737.2
32,10,PhD,Senior,Finance,Analyst,1,37,2,55,2,10,6.7,88.6,2,0,Contract,Hybrid,Startup,3,1020919.48
38,15,PhD,Senior,HR,Analyst,1,18,6,58,14,10,9.9,85.7,5,1,Contract,Hybrid,MNC,5,1235846.16
45,23,MTech,Junior,HR,Developer,2,36,0,56,4,9,7.9,78.9,4,2,Full-Time,Office,MNC,5,1622651.58
26,3,BCA,Junior,HR,Manager,2,19,2,38,11,9,4.9,50.7,4,3,Full-Time,Office,MNC,4,657219.86
27,5,BTech,Senior,IT,Manager,1,23,3,36,7,12,5.0,68.0,2,0,Contract,Office,MNC,3,794350.51
43,22,PhD,Mid,Sales,Developer,2,25,7,59,13,13,6.6,80.2,2,3,Contract,Office,MNC,1,1584405.79
32,11,BCA,Junior,IT,Analyst,5,20,1,47,1,2,7.0,69.4,1,2,Full-Time,Remote,Startup,3,1063833.54
37,17,MTech,Junior,Finance,Developer,5,38,5,35,5,12,5.5,93.2,7,0,Contract,Office,Startup,3,1360765.26
54,33,BTech,Senior,HR,Developer,2,22,4,51,8,9,6.8,65.4,7,3,Contract,Office,Startup,3,2144106.57
30,9,BCA,Mid,IT,Developer,1,9,5,47,7,11,1.2,64.7,5,3,Contract,Office,MNC,5,808608.1
27,6,BTech,Senior,IT,Analyst,2,29,3,38,13,4,4.9,63.3,7,2,Full-Time,Hybrid,Startup,5,719836.49
37,14,BTech,Mid,Sales,Developer,2,6,0,41,10,12,3.5,66.6,1,3,Contract,Office,MNC,2,1094968.37
50,29,BTech,Mid,Sales,Analyst,2,18,4,51,7,8,2.2,77.9,6,2,Full-Time,Remote,MNC,1,1804737.28
24,3,PhD,Mid,HR,Developer,3,38,1,43,7,12,1.9,85.4,4,1,Full-Time,Remote,Startup,4,608646.85
41,21,PhD,Junior,IT,Manager,5,37,3,38,14,2,6.4,83.1,2,2,Full-Time,Office,MNC,3,1619608.99
40,19,MTech,Senior,IT,Developer,4,20,4,53,12,2,5.7,90.4,4,1,Full-Time,Remote,Startup,1,1445408.23
47,26,MTech,Senior,Sales,Developer,4,28,3,35,6,11,3.3,94.3,4,0,Full-Time,Hybrid,MNC,1,1746269.88
24,2,BCA,Mid,IT,Manager,3,35,7,44,7,14,5.2,90.8,3,3,Contract,Office,MNC,2,564761.71
40,20,MTech,Junior,IT,Analyst,2,12,3,38,12,6,5.4,50.9,6,2,Full-Time,Remote,Startup,4,1423463.39
41,21,BTech,Junior,IT,Analyst,3,13,1,43,5,6,2.8,86.8,3,2,Full-Time,Remote,MNC,3,1530125.5
53,33,BTech,Senior,Sales,Developer,3,22,6,47,1,9,6.9,60.4,7,3,Full-Time,Office,Startup,4,2114628.49
28,8,PhD,Junior,HR,Manager,1,12,2,48,1,8,8.0,56.6,4,3,Contract,Remote,MNC,2,896454.31
54,34,BTech,Junior,Finance,Analyst,5,29,4,44,7,9,8.1,81.9,2,0,Contract,Office,Startup,5,2233698.17
39,19,BCA,Mid,HR,Developer,4,6,7,40,10,7,6.4,66.0,4,0,Contract,Remote,MNC,1,1474375.54
22,0,BTech,Junior,Finance,Manager,2,18,1,50,0,7,5.6,52.9,6,2,Contract,Hybrid,Startup,3,587419.07
32,11,BTech,Mid,IT,Analyst,4,21,3,40,5,3,1.5,56.9,3,0,Contract,Remote,Startup,5,974692.23
49,29,BCA,Senior,HR,Analyst,4,13,7,51,12,7,3.6,50.0,2,1,Contract,Remote,MNC,2,1924670.49
46,25,MTech,Junior,Finance,Manager,5,7,1,44,5,6,1.8,95.2,4,0,Contract,Office,Startup,4,1729182.11
44,23,MTech,Senior,Sales,Manager,4,18,6,52,10,14,9.7,51.2,5,0,Full-Time,Remote,MNC,1,1791535.28
52,29,BCA,Senior,Sales,Manager,4,20,7,56,3,4,2.2,60.5,6,2,Full-Time,Office,MNC,3,1993162.01
51,31,PhD,Junior,HR,Manager,3,27,7,52,11,7,2.4,70.8,6,1,Contract,Hybrid,Startup,5,2028716.38
28,6,BTech,Junior,HR,Developer,5,33,2,37,10,9,9.0,67.8,5,0,Full-Time,Office,Startup,5,990270.8
37,14,BCA,Senior,IT,Manager,1,7,5,54,12,10,9.5,95.6,4,1,Full-Time,Office,Startup,1,1315379.19
47,25,BTech,Junior,HR,Analyst,2,37,4,55,14,2,7.9,52.0,6,1,Contract,Remote,Startup,4,1754547.35
23,2,PhD,Mid,IT,Analyst,4,39,2,59,10,4,1.0,75.6,2,1,Full-Time,Hybrid,Startup,2,515768.48
22,1,BTech,Mid,IT,Developer,2,12,0,49,12,4,1.0,84.0,4,3,Full-Time,Office,MNC,4,485236.93
33,10,BCA,Junior,Sales,Analyst,1,34,4,49,9,12,4.4,96.6,4,3,Contract,Remote,Startup,4,918493.02
26,3,BTech,Senior,Sales,Analyst,2,25,2,38,2,9,2.3,81.0,3,3,Full-Time,Remote,MNC,4,602356.86
53,31,MTech,Junior,Finance,Manager,1,24,3,43,12,2,1.2,90.2,6,3,Contract,Office,Startup,1,2029116.29
30,10,PhD,Junior,Sales,Analyst,3,16,4,53,10,6,5.2,54.2,6,2,Contract,Remote,Startup,1,970831.23
40,18,PhD,Senior,Sales,Developer,4,28,4,58,2,4,9.5,69.3,5,0,Full-Time,Office,Startup,2,1504078.21
37,14,PhD,Senior,HR,Manager,1,12,1,51,14,3,3.9,68.7,3,3,Full-Time,Office,MNC,4,1192200.17
24,2,BCA,Mid,Sales,Manager,2,18,3,45,14,9,7.0,94.3,7,2,Full-Time,Office,Startup,1,670700.0
41,18,PhD,Senior,Finance,Developer,4,15,0,59,12,4,6.9,57.6,3,0,Contract,Hybrid,MNC,2,1468419.63
45,23,MTech,Mid,HR,Manager,3,28,5,43,12,8,3.3,57.6,6,3,Contract,Office,MNC,2,1587661.05
54,31,BCA,Senior,Finance,Manager,4,19,7,44,0,13,6.9,66.4,4,0,Contract,Remote,MNC,4,2104063.33
45,22,MTech,Junior,Sales,Developer,1,29,6,52,2,12,2.9,52.7,3,3,Full-Time,Hybrid,Startup,3,1463189.32
32,9,BTech,Mid,Finance,Manager,3,5,2,54,3,2,2.1,59.1,5,2,Full-Time,Remote,MNC,4,965576.83
29,9,BTech,Mid,HR,Developer,2,8,1,47,10,7,7.3,98.3,3,1,Contract,Hybrid,Startup,3,896585.0
41,19,BTech,Mid,IT,Developer,3,36,2,42,10,4,2.0,71.4,5,1,Full-Time,Hybrid,MNC,2,1425929.07
46,24,BTech,Junior,Finance,Analyst,3,10,0,41,4,9,10.0,81.6,7,0,Full-Time,Hybrid,Startup,1,1806193.36
46,24,MTech,Junior,Finance,Analyst,5,9,7,51,2,7,2.7,86.3,3,2,Contract,Hybrid,MNC,5,1725169.21
50,27,BCA,Junior,HR,Manager,3,18,0,55,5,13,6.3,68.3,5,1,Contract,Remote,Startup,2,1863818.68
39,17,BCA,Junior,HR,Manager,3,18,4,57,10,3,4.7,57.4,3,3,Full-Time,Office,Startup,1,1371892.09
39,17,PhD,Junior,Finance,Developer,4,34,6,49,13,7,2.1,60.3,7,1,Contract,Remote,Startup,2,1303957.71
23,0,MTech,Mid,Sales,Manager,2,33,0,54,14,8,1.3,65.7,3,0,Full-Time,Office,MNC,4,436198.68
37,16,BTech,Junior,Finance,Developer,4,9,2,49,11,6,6.6,81.8,2,0,Contract,Remote,MNC,3,1343826.3
54,31,MTech,Mid,HR,Developer,4,20,3,35,4,4,8.3,69.9,5,2,Contract,Hybrid,Startup,2,2104938.94
25,3,PhD,Junior,IT,Manager,1,39,3,59,2,5,8.6,50.3,7,0,Contract,Hybrid,MNC,1,702408.28
54,31,PhD,Senior,IT,Developer,4,4,4,48,5,5,5.3,76.2,5,1,Full-Time,Office,MNC,4,2097342.56
35,14,MTech,Mid,Sales,Analyst,5,6,5,39,5,7,8.0,96.1,5,1,Full-Time,Office,MNC,5,1238339.51
42,19,MTech,Senior,Finance,Manager,5,14,2,45,14,11,7.1,90.6,1,1,Contract,Remote,MNC,4,1628882.0
41,19,MTech,Mid,IT,Analyst,1,32,2,50,13,2,7.5,91.3,7,1,Contract,Office,MNC,3,1464275.96
29,8,BCA,Senior,Finance,Manager,2,17,0,36,7,12,5.4,89.8,3,2,Contract,Remote,MNC,4,869391.92
28,8,BTech,Junior,HR,Developer,2,33,6,42,1,5,6.7,66.2,5,3,Full-Time,Office,MNC,5,899353.44
24,2,MTech,Junior,IT,Manager,4,23,2,45,0,11,8.2,88.3,6,3,Contract,Office,Startup,1,750059.95
38,17,MTech,Junior,Sales,Analyst,4,30,1,52,3,14,4.6,57.2,1,2,Contract,Office,Startup,2,1292588.27
54,33,MTech,Mid,HR,Developer,4,23,5,37,6,5,8.3,82.9,2,0,Contract,Hybrid,MNC,3,2217679.14
33,13,PhD,Senior,Sales,Manager,2,4,0,35,14,11,6.3,82.1,5,3,Contract,Hybrid,Startup,5,1172859.39
43,20,PhD,Junior,HR,Manager,3,11,1,45,10,2,2.5,51.3,5,0,Full-Time,Remote,Startup,3,1449176.78
43,20,BCA,Senior,IT,Manager,5,22,4,50,9,10,1.2,89.4,1,3,Full-Time,Office,Startup,4,1502694.27
51,29,BTech,Senior,Sales,Analyst,3,17,3,52,2,5,4.3,95.2,3,0,Contract,Remote,MNC,3,1886988.54
29,9,BCA,Junior,Sales,Analyst,3,13,4,50,2,8,5.9,63.4,6,2,Full-Time,Office,MNC,5,997972.28
48,25,BTech,Junior,HR,Manager,2,3,3,57,4,13,8.6,90.6,2,1,Full-Time,Hybrid,MNC,2,1796934.23
48,28,PhD,Senior,Sales,Developer,3,25,4,44,4,4,2.1,54.1,5,0,Full-Time,Hybrid,MNC,2,1848679.16
42,19,PhD,Junior,HR,Developer,1,36,2,52,12,11,8.2,80.0,3,1,Contract,Office,MNC,3,1372784.54
51,30,PhD,Junior,HR,Analyst,4,31,1,40,9,13,8.8,74.3,7,0,Full-Time,Office,Startup,1,2069527.61
54,31,BCA,Junior,HR,Developer,1,31,3,53,2,4,2.4,77.3,6,0,Full-Time,Hybrid,MNC,3,1923492.45
49,29,MTech,Mid,HR,Analyst,5,36,0,38,8,9,8.7,96.3,7,0,Full-Time,Hybrid,Startup,4,2041228.36
54,33,MTech,Senior,IT,Manager,4,20,1,47,3,9,9.9,93.6,6,0,Contract,Remote,MNC,2,2282147.27
26,5,PhD,Senior,HR,Analyst,3,9,0,58,12,12,7.5,89.3,2,0,Contract,Hybrid,Startup,2,748299.4
40,19,MTech,Mid,Finance,Analyst,5,27,1,48,12,13,8.1,63.7,4,1,Full-Time,Office,MNC,2,1567181.63
25,5,MTech,Senior,Sales,Manager,4,8,1,37,14,2,9.9,95.6,6,0,Full-Time,Remote,MNC,1,937978.31
38,16,BCA,Junior,Finance,Developer,3,31,4,44,2,11,6.4,54.9,4,1,Contract,Office,MNC,1,1299713.56
49,27,BTech,Senior,IT,Analyst,1,8,3,40,10,3,3.8,92.7,7,2,Contract,Remote,MNC,5,1707134.5
51,29,PhD,Junior,Finance,Analyst,4,4,3,35,1,9,8.5,66.4,6,3,Full-Time,Office,MNC,3,2091757.97
50,30,PhD,Mid,Sales,Manager,3,2,6,57,9,2,6.5,52.7,2,0,Full-Time,Hybrid,MNC,3,2019808.1
27,6,BCA,Junior,Finance,Developer,1,37,1,58,12,13,6.2,83.5,1,3,Contract,Office,Startup,4,690623.11
45,23,BCA,Senior,IT,Analyst,5,26,2,48,10,9,3.3,61.6,2,1,Contract,Remote,MNC,2,1560495.12
50,30,MTech,Senior,HR,Manager,5,38,2,42,8,9,7.8,62.2,2,2,Full-Time,Office,Startup,1,2134978.08
52,30,PhD,Senior,Finance,Analyst,5,2,0,53,3,3,1.7,65.3,1,2,Contract,Remote,MNC,4,1950303.34
54,31,BTech,Mid,IT,Manager,5,16,0,48,2,5,9.3,53.2,1,2,Full-Time,Office,Startup,4,2252238.27
42,20,BCA,Mid,IT,Developer,2,38,4,44,6,7,3.9,58.9,3,3,Full-Time,Hybrid,Startup,1,1452443.38
53,31,BTech,Senior,Sales,Developer,4,14,1,51,7,13,2.1,50.3,6,1,Full-Time,Hybrid,Startup,3,2003608.05
44,23,BTech,Junior,Sales,Developer,4,9,0,43,10,12,5.0,72.3,7,0,Contract,Office,Startup,2,1639145.31
54,34,PhD,Mid,Finance,Developer,2,6,0,40,13,10,1.4,54.2,3,0,Full-Time,Office,Startup,3,2122399.09
24,3,PhD,Senior,HR,Analyst,3,10,5,45,1,9,7.2,84.1,1,1,Full-Time,Office,Startup,4,743695.6
39,18,BCA,Senior,IT,Analyst,3,2,1,59,6,13,9.1,61.8,4,3,Contract,Remote,MNC,2,1497359.17
46,25,PhD,Mid,Finance,Developer,5,37,7,41,11,9,8.5,97.2,7,0,Contract,Office,Startup,5,1826458.73
52,31,PhD,Mid,IT,Developer,1,36,4,51,4,8,2.1,93.6,4,1,Full-Time,Office,MNC,4,1948262.62
24,3,PhD,Mid,IT,Developer,3,3,0,35,14,14,2.1,64.5,2,0,Full-Time,Remote,MNC,3,550916.41
45,23,BTech,Junior,HR,Analyst,1,24,4,56,10,10,8.3,89.2,5,2,Contract,Hybrid,Startup,3,1596797.31
53,32,BCA,Junior,HR,Developer,4,10,3,39,4,3,9.3,90.2,2,0,Contract,Office,Startup,3,2150038.44
43,22,MTech,Senior,Finance,Developer,1,35,4,43,2,4,5.1,99.3,2,3,Contract,Office,MNC,1,1512672.86
44,24,BTech,Mid,HR,Developer,4,15,7,52,4,11,5.5,79.9,5,1,Full-Time,Hybrid,Startup,4,1714158.39
23,0,PhD,Junior,HR,Manager,2,5,2,58,11,9,3.9,54.1,6,3,Full-Time,Hybrid,Startup,2,560423.25
48,26,BTech,Mid,Finance,Developer,2,31,7,55,1,7,9.0,82.3,1,1,Full-Time,Remote,Startup,3,1794732.42
23,1,PhD,Senior,HR,Manager,5,32,2,36,3,11,6.8,81.2,4,2,Contract,Office,Startup,3,713939.54
47,25,PhD,Junior,Sales,Manager,3,39,4,45,5,10,3.6,81.9,2,1,Full-Time,Office,Startup,1,1734309.62
38,17,BTech,Junior,IT,Developer,5,12,2,40,0,11,3.7,65.4,5,0,Contract,Remote,Startup,2,1268344.6
54,33,BCA,Junior,IT,Manager,4,36,3,42,9,5,9.0,93.0,3,0,Full-Time,Hybrid,Startup,4,2259770.96
30,9,PhD,Senior,IT,Developer,5,9,1,38,3,9,1.1,98.0,2,2,Contract,Remote,MNC,5,944067.88
50,30,BCA,Mid,IT,Analyst,1,4,2,52,5,11,3.9,60.9,4,1,Full-Time,Hybrid,Startup,1,1916786.78
47,24,MTech,Junior,Finance,Analyst,4,15,2,45,8,4,6.0,54.4,1,2,Full-Time,Remote,MNC,4,1736178.05
46,25,PhD,Senior,IT,Analyst,2,14,4,39,13,4,2.3,59.7,2,0,Contract,Hybrid,MNC,5,1699140.16
45,22,BCA,Mid,IT,Analyst,3,33,3,49,10,9,1.8,91.0,2,3,Contract,Remote,MNC,3,1469546.55
34,14,BCA,Senior,IT,Manager,4,35,6,52,10,6,8.3,83.8,6,2,Full-Time,Hybrid,MNC,3,1273929.98
28,6,MTech,Mid,IT,Developer,4,20,6,36,12,4,9.0,81.8,5,3,Contract,Hybrid,Startup,2,789450.86
41,20,BCA,Senior,Sales,Developer,1,39,6,56,1,11,8.4,70.1,3,3,Contract,Hybrid,MNC,5,1528083.28
22,0,BCA,Mid,IT,Developer,3,17,6,45,10,12,9.1,78.9,3,1,Full-Time,Hybrid,MNC,3,579499.37
29,6,MTech,Junior,Sales,Analyst,2,3,1,59,6,2,6.0,65.4,7,2,Contract,Hybrid,MNC,3,798958.66
37,16,PhD,Mid,Finance,Analyst,4,18,7,47,5,4,8.3,73.9,1,3,Full-Time,Office,MNC,2,1318679.55
35,13,BCA,Senior,HR,Developer,4,35,4,38,1,13,4.5,89.7,7,3,Full-Time,Hybrid,MNC,4,1075830.04
33,11,BCA,Senior,IT,Analyst,1,17,4,56,7,10,7.0,99.1,4,1,Contract,Office,Startup,3,962215.27
44,22,BCA,Mid,HR,Developer,5,39,5,41,6,6,9.9,96.6,1,1,Contract,Hybrid,Startup,1,1686097.11
36,16,BTech,Junior,HR,Developer,2,3,3,45,10,13,3.0,96.7,2,0,Full-Time,Office,MNC,1,1272158.36
49,26,MTech,Junior,Finance,Developer,3,3,6,56,4,11,4.5,70.1,2,3,Full-Time,Office,Startup,4,1805005.07
23,0,BTech,Mid,HR,Developer,4,27,1,58,11,3,5.3,73.4,3,0,Full-Time,Remote,Startup,5,487671.17
53,30,MTech,Mid,Sales,Developer,4,14,3,38,4,8,2.2,85.3,4,3,Full-Time,Hybrid,MNC,2,1955970.08
44,24,PhD,Senior,HR,Developer,2,32,6,49,6,3,1.7,96.1,5,0,Full-Time,Remote,MNC,1,1556865.51
43,20,PhD,Junior,HR,Developer,5,35,1,35,8,5,8.5,57.1,4,1,Full-Time,Remote,MNC,1,1609571.19
46,26,BCA,Mid,HR,Analyst,4,4,3,57,10,13,9.8,65.2,2,2,Contract,Hybrid,Startup,4,1850476.17
43,21,MTech,Junior,IT,Developer,2,9,4,37,14,8,4.6,57.0,5,1,Contract,Remote,MNC,5,1522010.06
43,22,PhD,Mid,IT,Developer,1,24,4,48,8,5,1.8,80.6,4,0,Contract,Hybrid,Startup,5,1427011.87
27,4,MTech,Mid,Sales,Analyst,5,15,7,40,8,8,1.6,65.3,4,0,Full-Time,Remote,Startup,4,689236.6
36,13,PhD,Junior,Sales,Analyst,3,28,0,52,5,8,9.0,66.3,5,2,Contract,Hybrid,Startup,1,1187903.08
54,32,BTech,Mid,IT,Analyst,4,30,7,59,9,2,5.2,53.5,2,3,Full-Time,Hybrid,MNC,2,2072396.96
29,8,PhD,Mid,Sales,Developer,2,2,2,35,5,7,3.9,67.5,4,0,Full-Time,Hybrid,Startup,1,892519.87
26,6,BTech,Senior,IT,Manager,1,18,7,40,2,10,5.3,93.1,5,0,Contract,Office,MNC,5,788077.85
25,4,PhD,Mid,Finance,Manager,3,31,6,40,0,3,3.9,61.7,6,0,Full-Time,Remote,MNC,1,690112.75
27,5,BCA,Mid,HR,Analyst,2,14,5,55,6,4,5.4,84.8,6,2,Full-Time,Office,MNC,2,738327.13
53,31,BTech,Mid,HR,Manager,2,22,3,50,3,11,8.7,81.5,2,1,Full-Time,Remote,MNC,3,2070400.36
51,30,PhD,Senior,Sales,Analyst,3,20,5,39,0,6,6.3,93.2,5,0,Full-Time,Remote,MNC,1,2045274.54
37,17,BCA,Junior,IT,Developer,1,20,0,51,14,10,7.3,56.6,6,2,Full-Time,Remote,Startup,4,1315422.21
34,14,BTech,Senior,IT,Manager,1,26,2,44,7,5,4.3,98.9,5,0,Full-Time,Office,Startup,3,1185031.51
51,28,BCA,Senior,Sales,Developer,5,23,3,55,11,2,7.6,79.1,4,3,Contract,Remote,Startup,4,1915085.06
40,20,MTech,Junior,IT,Manager,4,32,1,52,5,5,7.0,99.8,2,2,Full-Time,Office,Startup,4,1574702.96
38,17,MTech,Senior,Finance,Developer,3,18,6,41,5,7,2.1,95.6,6,0,Full-Time,Hybrid,Startup,4,1267183.21
40,18,BTech,Junior,HR,Manager,3,24,2,37,1,6,6.2,61.1,7,2,Full-Time,Remote,MNC,1,1490211.97
49,26,PhD,Senior,Sales,Developer,3,33,4,47,14,14,3.3,52.8,4,0,Full-Time,Remote,MNC,5,1768216.44
47,24,BTech,Junior,Sales,Developer,1,11,0,49,0,2,8.2,62.8,7,1,Contract,Hybrid,Startup,3,1673300.92
47,25,BCA,Mid,IT,Manager,4,11,2,54,12,5,4.8,76.4,7,0,Contract,Hybrid,Startup,2,1808717.91
44,24,PhD,Senior,Sales,Developer,5,37,6,53,13,7,10.0,58.6,1,2,Full-Time,Remote,Startup,5,1875262.76
30,8,MTech,Senior,Finance,Developer,2,9,7,37,13,14,1.8,58.4,1,3,Full-Time,Hybrid,MNC,1,778000.46
33,13,PhD,Senior,IT,Developer,2,21,2,38,1,11,8.0,73.1,2,3,Full-Time,Office,MNC,4,1147645.4
22,0,MTech,Senior,IT,Manager,3,33,7,39,3,11,7.1,51.7,6,3,Contract,Office,MNC,2,491411.81
22,1,PhD,Mid,IT,Manager,4,15,6,35,1,5,7.9,56.1,6,0,Contract,Remote,Startup,3,646837.11
53,33,PhD,Senior,IT,Developer,1,29,4,38,0,10,3.8,70.8,6,1,Contract,Office,Startup,5,1981414.92
46,25,PhD,Mid,Finance,Developer,4,25,3,46,6,6,5.4,53.2,5,0,Contract,Office,Startup,5,1753426.61
22,0,BCA,Mid,IT,Manager,4,16,1,58,10,9,8.2,69.8,4,3,Full-Time,Remote,Startup,2,653525.41
37,15,BCA,Mid,Sales,Manager,1,23,4,44,10,10,3.1,73.7,6,2,Contract,Hybrid,MNC,1,1102214.42
26,3,BTech,Mid,Finance,Developer,3,31,7,57,14,11,3.0,72.6,4,3,Contract,Remote,Startup,3,634368.35
43,20,BTech,Junior,HR,Developer,4,5,7,59,11,6,6.0,93.5,2,2,Full-Time,Office,Startup,2,1506791.07
50,27,MTech,Junior,HR,Developer,2,14,1,55,7,7,5.7,76.5,7,1,Full-Time,Remote,Startup,4,1812913.41
24,1,BCA,Senior,Sales,Analyst,1,24,3,54,5,2,3.5,73.4,6,2,Contract,Remote,MNC,3,424903.21
33,11,MTech,Junior,Sales,Manager,5,9,2,58,3,12,3.7,70.5,2,0,Contract,Office,MNC,5,1030470.52
47,24,BTech,Junior,Finance,Analyst,3,19,1,59,13,13,3.5,90.9,6,0,Contract,Office,Startup,2,1613680.43
37,15,MTech,Senior,HR,Manager,1,13,0,47,5,8,7.9,94.8,1,0,Contract,Remote,MNC,5,1366896.4
43,21,BTech,Senior,HR,Manager,5,32,0,57,2,5,6.9,92.7,3,2,Full-Time,Office,MNC,5,1619158.18
50,29,BCA,Senior,HR,Manager,5,15,6,48,11,12,8.5,83.7,2,0,Full-Time,Office,MNC,5,2031458.31
35,15,PhD,Junior,HR,Manager,4,35,4,57,7,3,9.8,56.9,6,0,Contract,Office,MNC,1,1401651.64
49,29,BCA,Junior,HR,Manager,4,19,7,39,9,6,5.3,63.8,3,0,Contract,Office,MNC,5,2002568.94
26,4,MTech,Senior,IT,Manager,4,35,3,38,13,13,1.6,52.3,2,1,Contract,Office,Startup,4,669066.81
51,30,MTech,Mid,Sales,Manager,1,12,6,48,12,4,1.4,96.5,5,2,Contract,Office,Startup,4,1903577.92
26,4,BCA,Senior,IT,Analyst,1,13,4,44,12,7,3.7,83.0,6,2,Contract,Hybrid,Startup,3,624768.1
33,11,BCA,Mid,HR,Developer,3,16,4,51,1,9,9.4,87.3,5,3,Full-Time,Remote,MNC,5,1089513.46
37,15,BTech,Mid,Finance,Developer,4,32,6,44,4,8,5.7,65.6,1,2,Full-Time,Office,MNC,5,1271776.41
47,26,MTech,Senior,Finance,Analyst,5,30,5,41,0,4,3.4,92.3,6,1,Full-Time,Remote,MNC,2,1833954.99
47,27,MTech,Senior,HR,Analyst,2,27,4,50,5,9,4.6,63.0,7,2,Contract,Hybrid,MNC,1,1752188.45
42,21,BCA,Senior,HR,Analyst,3,19,5,35,1,3,6.4,50.1,1,1,Contract,Office,Startup,3,1460112.75
54,31,PhD,Junior,Finance,Analyst,1,33,0,51,3,11,6.9,68.8,3,1,Full-Time,Remote,Startup,5,2039832.34
51,30,MTech,Mid,IT,Manager,3,23,0,55,5,10,2.4,78.5,2,2,Full-Time,Office,Startup,2,2073118.5
44,23,PhD,Junior,IT,Developer,3,39,4,43,9,5,9.8,73.9,4,3,Contract,Office,Startup,1,1720705.81
31,10,BCA,Junior,HR,Manager,3,18,0,40,10,2,5.9,93.1,1,0,Full-Time,Office,Startup,3,1051077.29
26,5,BCA,Senior,IT,Developer,3,24,3,53,7,9,2.2,55.3,4,0,Contract,Office,Startup,3,657167.66
52,32,BTech,Junior,Finance,Developer,2,25,5,47,11,8,9.0,77.7,4,2,Contract,Office,MNC,5,2193522.43
31,8,MTech,Senior,IT,Analyst,4,9,5,37,7,12,1.7,75.6,2,2,Full-Time,Office,MNC,3,830889.72
40,20,PhD,Mid,HR,Manager,5,7,4,41,10,14,9.2,64.1,3,1,Full-Time,Office,Startup,2,1651537.43
53,33,BTech,Senior,Finance,Analyst,3,6,0,56,5,6,10.0,91.1,2,2,Full-Time,Hybrid,MNC,3,2261434.55
22,1,MTech,Junior,IT,Manager,3,30,1,43,3,11,7.3,87.6,6,1,Contract,Hybrid,Startup,4,601629.08
26,4,BTech,Junior,Sales,Developer,3,29,7,56,7,14,7.9,86.6,1,3,Contract,Office,Startup,2,681612.25
25,3,BCA,Senior,Finance,Analyst,4,12,6,39,12,6,4.0,93.8,4,2,Full-Time,Office,MNC,1,665292.02
37,17,MTech,Senior,Finance,Analyst,1,2,6,44,7,8,9.5,86.1,2,0,Contract,Hybrid,Startup,1,1341338.11
45,25,BTech,Junior,Sales,Developer,1,20,5,57,9,6,5.8,61.6,2,0,Contract,Hybrid,Startup,5,1651981.6
37,16,BTech,Mid,Sales,Developer,2,10,4,51,13,9,7.6,85.3,2,2,Contract,Hybrid,Startup,5,1386001.93
23,3,PhD,Mid,Finance,Developer,1,28,4,46,0,12,9.3,65.4,1,1,Full-Time,Office,MNC,4,653856.13
49,28,BTech,Senior,Sales,Analyst,3,35,3,57,3,14,9.8,62.1,3,0,Contract,Remote,MNC,1,1990769.04
53,31,MTech,Mid,HR,Manager,3,5,2,50,3,7,8.5,53.7,7,1,Full-Time,Remote,MNC,1,2146181.13
48,26,MTech,Junior,HR,Analyst,3,37,7,37,6,14,3.7,87.2,2,2,Full-Time,Remote,MNC,1,1713547.22
41,18,PhD,Senior,HR,Manager,2,19,2,59,13,6,9.7,85.6,1,2,Contract,Remote,Startup,1,1521577.34
45,23,MTech,Junior,Finance,Analyst,3,16,5,56,13,10,6.7,61.7,4,0,Full-Time,Office,MNC,3,1671583.16
33,13,BCA,Junior,Sales,Analyst,1,14,6,43,10,12,9.4,87.5,6,2,Contract,Remote,MNC,2,1136624.81
54,32,MTech,Mid,Sales,Developer,4,20,3,49,6,3,7.1,95.9,7,3,Full-Time,Hybrid,MNC,2,2159327.61
54,33,MTech,Senior,IT,Manager,4,7,3,39,12,2,3.8,55.4,5,3,Full-Time,Hybrid,Startup,4,2155427.6
33,11,BTech,Senior,IT,Analyst,5,13,3,57,10,9,4.3,61.6,7,0,Contract,Remote,MNC,3,1016820.19
24,1,BTech,Mid,Sales,Analyst,1,38,5,47,14,13,6.0,87.5,7,3,Full-Time,Hybrid,MNC,1,446773.31
22,0,MTech,Junior,Sales,Developer,3,18,2,48,7,4,8.1,63.7,1,1,Full-Time,Office,Startup,1,547802.34
54,33,PhD,Junior,Sales,Developer,4,24,6,54,10,12,3.9,81.2,5,0,Full-Time,Remote,Startup,5,2112690.76
31,10,BTech,Junior,Finance,Manager,1,27,3,49,4,13,6.2,54.1,2,0,Contract,Remote,Startup,5,1059068.16
50,30,PhD,Junior,Sales,Analyst,4,30,6,50,6,13,4.1,72.6,2,1,Contract,Office,Startup,4,1980281.68
34,12,MTech,Senior,IT,Manager,3,34,0,57,7,13,8.3,87.0,7,3,Full-Time,Hybrid,MNC,1,1159591.87
33,12,MTech,Senior,Finance,Analyst,4,28,4,47,14,8,5.2,84.3,1,3,Full-Time,Office,Startup,4,1110312.71
52,29,BCA,Mid,Sales,Manager,5,26,4,51,8,11,1.7,90.8,5,3,Full-Time,Office,MNC,3,1907229.31
23,3,BTech,Mid,IT,Developer,5,11,6,57,2,14,2.5,93.9,2,0,Contract,Hybrid,MNC,2,621634.75
44,21,MTech,Senior,Finance,Analyst,4,24,1,42,2,12,1.5,88.7,4,0,Contract,Office,MNC,1,1492766.67
38,16,BCA,Senior,Sales,Manager,1,22,1,55,3,9,5.5,83.6,3,3,Full-Time,Hybrid,MNC,3,1292826.89
47,25,BTech,Junior,Sales,Developer,1,22,5,36,4,14,2.0,51.6,3,2,Contract,Hybrid,MNC,1,1667112.0
29,7,MTech,Junior,Sales,Developer,1,14,5,39,9,14,2.0,76.7,2,3,Contract,Office,Startup,5,818900.69
50,30,MTech,Mid,Finance,Manager,4,38,4,40,0,7,9.5,51.9,5,1,Contract,Hybrid,MNC,4,2166855.89
47,26,BTech,Senior,IT,Analyst,1,34,0,46,14,13,8.9,90.4,6,0,Contract,Office,MNC,5,1850151.85
31,11,BTech,Mid,IT,Analyst,3,25,7,52,14,11,5.1,66.0,2,1,Full-Time,Hybrid,MNC,2,1128738.51
47,24,BTech,Senior,HR,Developer,5,12,2,56,6,10,9.9,78.1,6,1,Contract,Remote,Startup,5,1782750.97
28,8,MTech,Junior,Sales,Analyst,3,18,2,56,8,8,1.0,64.0,6,0,Contract,Hybrid,MNC,1,800225.1
25,2,MTech,Mid,HR,Analyst,1,5,5,35,7,11,6.5,89.1,5,2,Full-Time,Hybrid,MNC,5,535880.14
32,12,BCA,Mid,HR,Analyst,3,26,0,51,14,6,6.5,94.3,6,3,Full-Time,Office,Startup,1,1138706.31
50,29,PhD,Senior,IT,Developer,1,31,5,45,14,9,5.1,69.9,4,1,Contract,Hybrid,MNC,2,1887864.76
46,23,BTech,Junior,Finance,Manager,4,10,7,44,4,3,4.6,93.1,5,0,Contract,Remote,MNC,5,1659262.71
42,20,MTech,Mid,Finance,Analyst,3,22,2,53,13,8,5.1,63.4,2,1,Full-Time,Remote,Startup,4,1477437.91
31,9,MTech,Junior,IT,Developer,4,21,6,48,13,5,4.7,76.7,7,3,Full-Time,Hybrid,MNC,4,985876.91
30,10,BTech,Mid,Finance,Developer,4,20,5,44,3,10,7.6,92.9,4,2,Full-Time,Hybrid,MNC,4,999851.01
45,23,PhD,Junior,HR,Manager,2,20,3,49,11,13,2.2,66.3,1,2,Contract,Remote,MNC,5,1562106.22
39,16,BTech,Senior,Sales,Analyst,1,13,6,53,6,2,2.8,97.7,3,2,Contract,Office,MNC,5,1143109.0
53,31,PhD,Mid,IT,Analyst,5,38,7,38,4,8,2.6,56.1,2,0,Full-Time,Remote,MNC,5,2040055.86
45,24,MTech,Mid,Sales,Manager,1,18,7,36,6,7,3.4,50.9,2,0,Contract,Remote,Startup,1,1692620.64
44,23,PhD,Junior,Finance,Manager,5,38,5,43,11,9,5.7,95.2,2,2,Full-Time,Hybrid,Startup,2,1658610.62
53,33,BCA,Junior,Sales,Developer,1,29,4,44,0,6,2.0,53.4,4,3,Contract,Hybrid,Startup,4,2018775.94
33,10,MTech,Mid,Finance,Developer,4,36,5,45,0,2,8.8,99.6,1,3,Full-Time,Remote,MNC,1,1039031.17
34,13,BCA,Senior,Finance,Manager,3,19,4,48,9,2,3.7,97.6,7,0,Full-Time,Office,MNC,4,1189216.11
44,23,BTech,Junior,HR,Analyst,3,15,7,41,13,10,2.5,56.9,5,2,Contract,Remote,MNC,1,1565521.27
46,23,BTech,Junior,Finance,Developer,2,36,0,57,12,11,7.1,76.9,1,3,Contract,Remote,Startup,5,1647226.96
51,29,BTech,Junior,HR,Developer,5,8,7,49,2,7,1.3,59.2,4,3,Contract,Office,MNC,4,1900946.52
38,16,PhD,Mid,HR,Analyst,5,14,2,56,13,11,6.6,71.4,2,3,Contract,Remote,MNC,5,1401968.75
41,21,MTech,Mid,HR,Developer,5,19,6,53,10,6,7.3,53.1,3,0,Contract,Remote,MNC,4,1702945.26
46,24,BTech,Mid,IT,Analyst,4,38,6,56,1,2,2.9,61.2,2,2,Contract,Hybrid,Startup,3,1612613.39
43,20,BTech,Mid,IT,Analyst,5,14,1,49,1,7,1.4,68.2,5,1,Full-Time,Office,Startup,1,1414897.76
34,13,MTech,Senior,Finance,Analyst,3,37,1,58,6,7,4.3,71.9,6,2,Contract,Hybrid,MNC,3,1123859.92
40,18,BTech,Senior,HR,Manager,4,32,7,42,11,4,1.9,98.9,3,2,Full-Time,Hybrid,MNC,1,1355343.91
33,13,BCA,Mid,IT,Manager,1,3,2,45,9,14,2.0,90.4,2,0,Full-Time,Office,MNC,2,1102343.35
40,18,MTech,Senior,HR,Manager,5,17,1,43,1,9,3.3,86.9,7,3,Contract,Office,Startup,4,1484764.7
33,10,MTech,Junior,Sales,Analyst,5,10,6,49,10,2,3.7,76.9,3,3,Full-Time,Remote,Startup,2,977136.95
30,10,MTech,Junior,Sales,Analyst,1,10,5,35,3,2,5.8,92.0,6,0,Full-Time,Hybrid,Startup,2,910458.51
28,6,BCA,Junior,Sales,Manager,5,39,0,35,1,7,7.1,67.0,1,0,Contract,Office,MNC,1,906008.84
49,29,MTech,Mid,Finance,Developer,1,12,0,53,5,11,6.3,85.4,4,0,Contract,Hybrid,Startup,3,1905160.73
35,12,BCA,Junior,HR,Analyst,4,23,2,37,7,14,2.3,99.7,2,0,Contract,Hybrid,MNC,5,1058593.49
52,31,MTech,Senior,Sales,Developer,3,34,7,44,9,2,2.5,65.7,5,0,Full-Time,Office,MNC,1,1884887.32
40,17,PhD,Mid,IT,Developer,1,37,1,42,3,7,8.9,83.7,1,1,Contract,Remote,Startup,5,1314301.78
37,14,BTech,Senior,Sales,Analyst,2,24,5,49,14,2,6.0,92.2,2,2,Contract,Hybrid,MNC,2,1153836.03
26,3,PhD,Junior,Sales,Analyst,1,35,0,44,4,14,8.8,95.8,1,2,Contract,Office,Startup,5,619120.43
33,10,BTech,Junior,Sales,Developer,5,10,0,35,3,7,4.3,85.9,5,2,Contract,Remote,MNC,3,896411.6
46,25,BCA,Junior,Finance,Developer,4,25,3,52,2,4,6.5,64.2,2,3,Full-Time,Hybrid,MNC,1,1704465.1
42,21,PhD,Mid,IT,Manager,4,9,7,36,4,9,5.7,66.3,6,1,Contract,Office,Startup,3,1561785.66
44,24,MTech,Senior,HR,Manager,1,8,3,53,13,14,3.9,51.0,6,2,Full-Time,Hybrid,MNC,3,1648388.63
37,15,BTech,Mid,IT,Analyst,3,37,6,47,8,7,5.2,88.0,5,3,Contract,Office,MNC,1,1211551.91
35,14,BTech,Mid,HR,Manager,2,19,0,56,7,14,5.5,52.1,3,1,Full-Time,Office,MNC,3,1184737.24
52,31,PhD,Junior,Finance,Manager,4,4,2,35,7,12,2.8,93.2,5,1,Full-Time,Hybrid,MNC,4,2087860.6
26,4,BCA,Mid,Finance,Manager,5,29,4,36,7,14,3.8,55.9,3,3,Full-Time,Hybrid,MNC,4,782845.35
44,23,PhD,Mid,Finance,Manager,5,7,4,50,11,2,8.1,58.6,2,1,Contract,Office,MNC,4,1792996.75
50,27,BCA,Junior,Finance,Developer,3,22,5,49,7,6,9.2,73.8,3,3,Full-Time,Remote,MNC,5,1913804.81
32,9,BCA,Mid,HR,Analyst,4,29,0,47,6,9,4.2,86.9,2,2,Contract,Hybrid,MNC,3,899733.58
39,17,BTech,Junior,Sales,Manager,1,2,0,50,7,4,3.8,57.0,2,3,Contract,Office,Startup,1,1271520.31
33,13,PhD,Junior,HR,Developer,5,37,6,51,10,13,2.8,72.0,7,1,Contract,Office,Startup,1,1062694.02
30,10,PhD,Junior,IT,Developer,3,22,0,55,13,7,7.1,74.1,4,2,Contract,Remote,MNC,5,1006969.94
31,9,BCA,Junior,Finance,Developer,4,36,2,41,7,6,3.9,60.6,2,2,Contract,Remote,MNC,1,959429.65
38,16,PhD,Mid,Finance,Manager,4,14,3,58,12,7,9.9,55.8,3,0,Full-Time,Remote,Startup,4,1502173.2
28,5,MTech,Junior,IT,Manager,4,11,0,51,13,11,3.9,91.8,4,0,Contract,Hybrid,MNC,3,768208.81
34,14,MTech,Junior,HR,Analyst,4,11,0,41,7,2,4.5,75.1,4,1,Full-Time,Office,Startup,1,1209666.75
30,9,PhD,Mid,Sales,Manager,4,14,6,47,11,8,6.4,50.7,2,3,Full-Time,Office,Startup,1,913760.43
48,25,PhD,Mid,Sales,Manager,5,38,7,39,9,10,8.2,90.1,5,3,Full-Time,Office,Startup,2,1871682.87
23,1,BCA,Senior,IT,Developer,3,39,1,51,6,3,5.2,99.0,5,1,Full-Time,Remote,MNC,2,510745.5
26,6,MTech,Mid,Sales,Analyst,4,25,7,37,11,11,4.8,80.3,6,2,Full-Time,Office,MNC,2,855646.73
50,29,MTech,Mid,HR,Manager,2,3,6,41,0,6,10.0,75.2,4,1,Full-Time,Hybrid,MNC,3,2065717.34
40,19,BTech,Senior,HR,Manager,2,23,7,51,3,11,1.1,93.9,2,1,Full-Time,Remote,Startup,4,1391770.22
29,6,BCA,Mid,IT,Developer,3,18,6,41,12,5,9.1,97.6,7,2,Contract,Remote,Startup,4,874693.13
22,2,BTech,Mid,HR,Developer,1,37,2,55,12,7,2.3,87.7,5,3,Full-Time,Remote,Startup,4,472817.71
43,23,MTech,Mid,Finance,Manager,1,15,5,35,3,7,8.1,72.3,7,1,Contract,Remote,MNC,3,1748294.61
38,16,BCA,Mid,IT,Analyst,1,11,0,51,4,12,6.6,79.6,2,3,Full-Time,Hybrid,Startup,3,1164788.82
28,8,PhD,Senior,HR,Analyst,2,36,6,51,9,3,4.1,85.0,2,1,Full-Time,Office,Startup,2,837848.42
46,26,BCA,Mid,IT,Developer,1,26,6,45,5,3,8.9,59.7,4,2,Full-Time,Hybrid,MNC,1,1848192.11
25,2,PhD,Mid,Sales,Developer,5,4,1,59,3,5,1.1,72.4,7,2,Full-Time,Office,Startup,5,471344.26
27,7,PhD,Senior,HR,Manager,4,39,6,37,14,2,3.0,91.5,6,0,Contract,Hybrid,Startup,5,893516.71
52,31,BCA,Junior,Finance,Developer,2,18,4,49,1,10,6.1,82.7,4,2,Contract,Remote,MNC,1,1991553.47
40,17,PhD,Senior,HR,Manager,3,13,5,55,5,14,4.2,70.6,1,0,Contract,Remote,MNC,2,1363392.64
48,25,BTech,Junior,IT,Analyst,3,25,0,45,14,8,6.5,83.2,7,1,Full-Time,Hybrid,Startup,1,1723785.62
31,9,MTech,Senior,IT,Analyst,4,30,0,50,7,13,1.2,55.9,5,3,Full-Time,Hybrid,MNC,1,912366.07
47,27,PhD,Senior,HR,Manager,2,26,1,59,14,8,2.0,70.1,5,2,Full-Time,Office,Startup,5,1778465.52
40,18,BTech,Mid,Finance,Developer,1,37,2,56,7,4,2.1,89.7,5,2,Contract,Hybrid,MNC,2,1300831.87
24,3,PhD,Junior,Finance,Analyst,1,27,0,43,6,12,2.7,61.0,3,2,Full-Time,Hybrid,Startup,3,546413.19
34,11,MTech,Mid,Finance,Developer,5,39,4,58,5,13,5.1,59.3,2,1,Contract,Office,MNC,5,1045248.3
49,26,BTech,Junior,IT,Analyst,5,2,0,58,1,4,7.8,97.5,4,0,Contract,Office,Startup,3,1901074.37
41,18,MTech,Senior,HR,Manager,1,21,4,35,14,2,9.1,60.5,5,1,Full-Time,Office,MNC,2,1430457.24
49,28,MTech,Senior,Sales,Manager,3,29,5,59,6,4,8.5,63.0,1,3,Full-Time,Hybrid,MNC,1,1997565.12
29,8,BTech,Junior,IT,Manager,3,17,5,56,10,4,2.8,98.5,5,1,Contract,Office,MNC,4,868736.23
22,0,BTech,Mid,Finance,Analyst,5,18,3,50,11,5,5.0,86.7,6,3,Contract,Remote,MNC,4,560996.47
24,2,BTech,Mid,HR,Developer,4,29,3,43,13,5,2.8,85.0,2,2,Contract,Remote,MNC,2,577612.89
34,12,BCA,Mid,Finance,Developer,1,13,4,53,13,4,3.4,92.6,7,3,Full-Time,Remote,MNC,4,991771.14
49,29,BTech,Mid,Sales,Developer,5,28,2,46,4,11,5.5,55.8,2,3,Full-Time,Hybrid,MNC,3,1957571.53
46,23,BTech,Senior,Finance,Analyst,5,31,0,53,5,13,1.6,85.3,7,0,Full-Time,Remote,Startup,4,1556240.34
54,31,BTech,Senior,Finance,Analyst,1,35,6,56,9,9,3.0,75.2,7,3,Full-Time,Hybrid,Startup,2,1940426.26
27,5,BTech,Senior,Sales,Analyst,1,38,0,43,7,9,9.4,91.5,4,3,Full-Time,Hybrid,MNC,2,737708.36
53,30,PhD,Senior,HR,Analyst,3,7,3,41,13,14,5.2,75.4,3,1,Full-Time,Remote,MNC,3,1903880.15
42,20,BCA,Senior,IT,Analyst,4,8,7,48,7,14,5.0,81.0,7,2,Contract,Office,Startup,4,1446798.86
37,17,MTech,Mid,HR,Developer,4,33,6,53,2,2,1.1,73.9,7,1,Contract,Hybrid,Startup,4,1337035.01
42,22,BTech,Mid,Sales,Analyst,1,33,4,53,11,8,3.2,73.9,4,1,Contract,Remote,MNC,1,1462600.94
32,11,PhD,Mid,Finance,Analyst,2,26,6,36,11,12,8.8,88.4,5,2,Full-Time,Hybrid,Startup,5,1119286.51
40,20,PhD,Mid,HR,Developer,5,34,7,43,13,3,2.5,81.4,6,2,Contract,Office,Startup,2,1460734.01
41,19,PhD,Senior,IT,Analyst,5,8,0,47,6,2,4.7,81.7,1,3,Full-Time,Office,MNC,1,1518583.11
39,19,MTech,Senior,Sales,Developer,1,13,0,49,0,4,1.1,72.5,4,3,Full-Time,Remote,MNC,2,1343686.56
35,14,BTech,Senior,HR,Developer,2,17,2,37,0,5,5.3,76.6,3,0,Contract,Hybrid,MNC,1,1122972.18
36,13,BCA,Junior,IT,Manager,3,17,1,45,6,14,1.2,87.3,4,1,Full-Time,Hybrid,Startup,5,1019480.97
52,30,BCA,Mid,Sales,Manager,1,37,6,55,14,7,8.4,91.3,2,2,Contract,Hybrid,MNC,1,1966867.18
22,0,PhD,Mid,IT,Manager,1,14,3,48,14,11,8.4,84.8,5,3,Contract,Hybrid,MNC,2,510653.54
24,3,MTech,Senior,Sales,Manager,5,8,7,59,9,6,8.1,96.2,5,2,Full-Time,Remote,Startup,4,862585.38
37,16,MTech,Mid,Finance,Analyst,1,37,7,42,8,5,3.6,91.0,7,3,Contract,Office,MNC,2,1180577.52
44,23,MTech,Mid,HR,Manager,1,10,7,52,6,9,8.5,78.1,5,0,Contract,Remote,Startup,3,1700809.76
32,9,BCA,Senior,IT,Developer,1,33,3,53,9,12,5.9,83.6,5,0,Contract,Hybrid,Startup,3,945133.47
33,10,PhD,Junior,Sales,Analyst,5,12,1,50,4,13,4.4,96.3,5,2,Contract,Hybrid,Startup,3,1017412.85
31,8,BTech,Junior,IT,Manager,3,9,0,36,7,5,6.6,81.0,5,0,Full-Time,Office,Startup,3,960035.64
53,30,BCA,Junior,IT,Developer,3,34,2,42,1,14,1.1,91.2,1,2,Contract,Hybrid,Startup,5,1921906.53
37,16,PhD,Senior,HR,Analyst,1,24,2,56,8,11,2.3,84.4,3,3,Contract,Remote,Startup,4,1182558.79
29,8,PhD,Mid,Finance,Analyst,5,26,3,40,5,13,7.7,77.6,7,1,Contract,Remote,MNC,4,975021.32
33,11,BTech,Senior,IT,Manager,3,9,2,46,12,14,3.2,62.1,5,0,Full-Time,Office,MNC,2,1010142.03
45,23,BTech,Senior,Sales,Analyst,3,23,7,49,8,3,6.4,71.3,7,3,Contract,Remote,MNC,1,1656139.56
49,26,BTech,Mid,Sales,Developer,3,5,5,59,1,4,4.5,98.4,3,1,Full-Time,Remote,Startup,2,1808775.99
29,9,MTech,Junior,Finance,Analyst,5,4,1,42,2,7,8.7,82.9,6,1,Contract,Remote,MNC,2,1120280.18
49,29,BTech,Junior,Sales,Developer,5,30,0,38,11,9,9.6,78.2,5,1,Contract,Remote,Startup,2,2078691.07
47,26,PhD,Senior,Finance,Analyst,1,30,5,49,7,9,9.0,96.6,7,3,Contract,Hybrid,MNC,2,1835206.45
29,8,BTech,Junior,Sales,Manager,4,35,1,54,0,12,3.4,79.3,4,3,Full-Time,Remote,Startup,4,928789.23
49,28,PhD,Senior,HR,Developer,3,35,4,59,14,10,2.7,76.3,7,2,Full-Time,Office,MNC,1,1825506.83
49,27,BCA,Senior,IT,Analyst,4,29,6,51,9,8,5.3,88.0,5,1,Full-Time,Office,Startup,2,1876570.28
48,26,MTech,Mid,HR,Analyst,5,14,3,47,14,14,1.1,85.6,2,1,Full-Time,Remote,MNC,4,1794573.31
38,17,BCA,Mid,IT,Analyst,5,16,7,52,14,3,1.2,59.7,1,1,Full-Time,Office,Startup,2,1263545.53
30,9,BCA,Mid,IT,Developer,5,24,2,36,14,9,6.0,73.6,4,2,Full-Time,Remote,MNC,3,936944.13
54,33,PhD,Senior,IT,Developer,4,27,4,47,6,8,5.7,73.6,4,1,Contract,Office,Startup,2,2142679.67
41,21,BCA,Mid,HR,Developer,5,5,2,47,6,9,10.0,68.9,2,3,Full-Time,Office,MNC,2,1683466.48
34,12,PhD,Junior,IT,Manager,1,27,5,56,12,13,2.8,75.9,5,1,Contract,Remote,MNC,5,1065794.86
49,29,BTech,Junior,HR,Manager,5,10,0,49,0,4,3.3,70.7,1,0,Full-Time,Remote,MNC,3,1951419.69
